product_code,product_name,category,unit_price
PROD-001,Consulting & Technical Services,Services,1000.00
PROD-002,Dell XPS 15 Laptop 16GB RAM 512GB SSD,Electronics,1850.00
PROD-003,Logitech MX Master 3S Wireless Mouse,Peripherals,99.99
PROD-004,Apple MacBook Pro 16-inch M3 Max,Electronics,3499.00
PROD-005,Samsung 32-inch 4K UHD Monitor,Monitors,450.00
PROD-006,HP LaserJet Pro Wireless Printer,Office Equipment,299.99
PROD-007,Ergonomic Mesh Office Chair,Furniture,249.50
PROD-008,USB-C Multi-port Adapter Hub,Accessories,45.00
PROD-009,Mechanical Gaming Keyboard RGB,Peripherals,129.00
PROD-010,High Speed HDMI 2.1 Cable 2m,Accessories,15.00
